{"timestamps": [1525178348.254053, 1525178391.526674], "initial_reset_timestamp": 1525178294.928806, "episode_types": ["t", "t", "t"], "episode_lengths": [9187, 6978], "episode_rewards": [-2.0, -6.0]}